direccion,foto,longitud,latitud
"C/Amaltea Hotel del Polígono de los Peñones","https://www.lorca.es/ficheros/File/parking-disabled/imagen-plazas/plaza1.jpg","-1.71149531337096","37.6549885945591"
"Aparcamiento Lorca Taller del Tiempo Castillo (C/Pilones)","https://www.lorca.es/ficheros/File/parking-disabled/imagen-plazas/plaza1.jpg","-1.7112388563404","37.6772135101349"
"Aparcamiento Lorca Taller del Tiempo Castillo(C/Pilones)","https://www.lorca.es/ficheros/File/parking-disabled/imagen-plazas/plaza1.jpg","-1.71100952746963","37.6771954656608"
"C/ Francisco de Goya altura Rotonda Instituto San Juan Bosco y Piscinas B  San Antonio","https://www.lorca.es/ficheros/File/parking-disabled/imagen-plazas/plaza1.jpg","-1.71095484825446","37.6595879851746"
"Aparcamiento Lorca Taller del Tiempo Castillo (C/Pilones)","https://www.lorca.es/ficheros/File/parking-disabled/imagen-plazas/plaza1.jpg","-1.71094649555778","37.6771975885403"
"Aparcamiento Lorca Taller del Tiempo Castillo(C/Pilones)","https://www.lorca.es/ficheros/File/parking-disabled/imagen-plazas/plaza1.jpg","-1.71093218028545","37.677215813451"
"Aparcamiento Lorca Taller del Tiempo Castillo (C/Pilones)","https://www.lorca.es/ficheros/File/parking-disabled/imagen-plazas/plaza1.jpg","-1.71079897406196","37.6772145715744"
"Aparcamiento Lorca Taller del Tiempo Castillo (C/Pilones)","https://www.lorca.es/ficheros/File/parking-disabled/imagen-plazas/plaza1.jpg","-1.71077885749435","37.6772358003616"
"Aparcamiento Lorca Taller del Tiempo Castillo (C/Pilones)","https://www.lorca.es/ficheros/File/parking-disabled/imagen-plazas/plaza1.jpg","-1.71076544644927","37.6772156330139"
"Aparcamiento Lorca Taller del Tiempo Castillo (C/Pilones)","https://www.lorca.es/ficheros/File/parking-disabled/imagen-plazas/plaza1.jpg","-1.71073862435912","37.6772198787718"
"C/Diego Pallarés Cacha, frente a Colegios La Viña","https://www.lorca.es/ficheros/File/parking-disabled/imagen-plazas/diego pallares Cacha la viña10 [600].JPG","-1.71013945671393","37.6622888795567"
"C/Diego Pallarés Cachá, frente Colegios La Viña","https://www.lorca.es/ficheros/File/parking-disabled/imagen-plazas/plaza1.jpg","-1.71009063720703","37.6623775288079"
"C/. Rodríguez Valdés, proximidad n  16","https://www.lorca.es/ficheros/File/parking-disabled/imagen-plazas/plaza1.jpg","-1.70997528272896","37.6575686215041"
"C/Paralela y junto Ctra. Granada,altura Concesionario Renault","https://www.lorca.es/ficheros/File/parking-disabled/imagen-plazas/paralela Ctra Granada (Renaul)03 [600].JPG","-1.70978071125819","37.6575266822539"
"C/Tejedores con C/ Alfareria","https://www.lorca.es/ficheros/File/parking-disabled/imagen-plazas/plaza1.jpg","-1.70962929725647","37.6615701382696"
"CALLE AGRICULTORES, JUNTO AL SALÓN DE LA JUVENTUD","https://www.lorca.es/ficheros/File/parking-disabled/imagen-plazas/plaza1.jpg","-1.70910369043209","37.6610573531314"
"C/Pintores n  5, La Viña","https://www.lorca.es/ficheros/File/parking-disabled/imagen-plazas/plaza1.jpg","-1.70901507139206","37.6620040918693"
"C/. Rodríguez Valdés, próximidad n  4","https://www.lorca.es/ficheros/File/parking-disabled/imagen-plazas/plaza1.jpg","-1.70886225564378","37.6586430748863"
"C/. RODRIGUEZ VALDÉS CON C/ FRANCISCO POTOUS","https://www.lorca.es/ficheros/File/parking-disabled/imagen-plazas/plaza1.jpg","-1.70875345806634","37.6585772490084"
"C/. Rotonda C/. Francisco de Goya, frente I.E.S. San Juan Bosco","https://www.lorca.es/ficheros/File/parking-disabled/imagen-plazas/plaza1.jpg","-1.7087200291961","37.6587250026216"
"CALLE ALFARERIA, 18, INTERSECCIÓN CON C/. MODISTERIA","https://www.lorca.es/ficheros/File/parking-disabled/imagen-plazas/plaza1.jpg","-1.70866362313454","37.6628218287311"
"Calle Sastrería n  4","https://www.lorca.es/ficheros/File/parking-disabled/imagen-plazas/plaza1.jpg","-1.70859128236771","37.66246060301"
"C/Tejedores altura de C/Herrerias","https://www.lorca.es/ficheros/File/parking-disabled/imagen-plazas/plaza1.jpg","-1.70799436005427","37.6605949928587"
"C/Sierra de Tercia, Polígono Los Peñones","https://www.lorca.es/ficheros/File/parking-disabled/imagen-plazas/sierra de tercia  pogl peñones06 [600].JPG","-1.70789444776847","37.6572113504145"
"C/Sierra del Caño,Polígono Los Peñones (junto a Mercadona)","https://www.lorca.es/ficheros/File/parking-disabled/imagen-plazas/sierra del caño  pogl peñones05 [600].JPG","-1.70784013303592","37.6584302014212"
" Avda. La Vendimia esquina C/ Jardineros","https://www.lorca.es/ficheros/File/parking-disabled/imagen-plazas/plaza1.jpg","-1.70778569999993","37.66169982013"
"C/Guillermo Oliver, altura AA.VV. La Viña","https://www.lorca.es/ficheros/File/parking-disabled/imagen-plazas/Guillermo oliver AAVV la Viña11 [600].JPG","-1.70764500233008","37.6634014835699"
"Avenida de la Vendimia N 6","https://www.lorca.es/ficheros/File/parking-disabled/imagen-plazas/Avda vendimia  esquina jardineros09 [600].JPG","-1.7076374509262","37.6617383332206"
"Avda. La Vendimia altura Plaza del Trabajo","https://www.lorca.es/ficheros/File/parking-disabled/imagen-plazas/Avda vendimia altura plaza del trabajo08 [600].JPG","-1.70701743435859","37.6613166283314"
"C/Albañilería esquina Plaza Los Aprendices","https://www.lorca.es/ficheros/File/parking-disabled/imagen-plazas/plaza1.jpg","-1.70690538815234","37.6623294186762"
"GUILLERMO OLIVER, FRENTE N  4","https://www.lorca.es/ficheros/File/parking-disabled/imagen-plazas/plaza1.jpg","-1.70686479767778","37.6629512798737"
"C/Carpintería 7,altura Plaza Iglesia Cristo Rey","https://www.lorca.es/ficheros/File/parking-disabled/imagen-plazas/carpinteria juanto Plaza Cristo rey12 [600].JPG","-1.70662039848639","37.6626647037697"
"C/ RAMBLAS LAS CHATAS, 12","https://www.lorca.es/ficheros/File/parking-disabled/imagen-plazas/plaza1.jpg","-1.70656891897909","37.6636584005803"
"Avda.La Salud n  6","https://www.lorca.es/ficheros/File/parking-disabled/imagen-plazas/AVda la Salud 613 [600].JPG","-1.70646936322942","37.6633164459174"
"CALLE JUNTA Y PARALELA A RONDA SUR, RM-11 DE ACCESO A SUPERMERCADO ALDI","https://www.lorca.es/ficheros/File/parking-disabled/imagen-plazas/plaza1.jpg","-1.70636335094832","37.6580664400056"
"C/. Rambla Las Señoritas, esquina C/. Talleres, 1 plaza","https://www.lorca.es/ficheros/File/parking-disabled/imagen-plazas/plaza1.jpg","-1.70626577665283","37.6599489607304"
"C/ ANDRES PICHICHI, 4","https://www.lorca.es/ficheros/File/parking-disabled/imagen-plazas/plaza1.jpg","-1.70626019060067","37.6635373742717"
"Carretera Granada, 119, 30800 Lorca, Murcia, España","https://www.lorca.es/ficheros/File/parking-disabled/imagen-plazas/Cra. granada esquina las palomas15 [600].JPG","-1.70622199590911","37.6617358324397"
"C/Torrecilla (explanada)","https://www.lorca.es/ficheros/File/parking-disabled/imagen-plazas/calle torrecilla18 [600].JPG","-1.70614832969977","37.6655884237682"
"SAN AGUSTIN, esquina C/. Rambla Las Señoritas","https://www.lorca.es/ficheros/File/parking-disabled/imagen-plazas/plaza1.jpg","-1.7058872582204","37.6631562431454"
"C/Cánovas Cobeño, N  36","https://www.lorca.es/ficheros/File/parking-disabled/imagen-plazas/Canovas Cobeño 2817 [600].JPG","-1.70581636380632","37.6641342251149"
"C/. CHAPISTERIA, frente a Reserva Caritas, 1 plaza","https://www.lorca.es/ficheros/File/parking-disabled/imagen-plazas/plaza1.jpg","-1.70561671542261","37.6597790907007"
"C/. MÚSICO PÉREZ DE TUDELA, FRENTE N  19, DOS PLAZAS MINUSVALIDOS","https://www.lorca.es/ficheros/File/parking-disabled/imagen-plazas/plaza1.jpg","-1.7056114951065","37.6640568581481"
"Músico Pérez de Tudela, nº 19","https://www.lorca.es/ficheros/File/parking-disabled/imagen-plazas/plaza1.jpg","-1.70557758880773","37.6640640066621"
"RM-11, altura caalle acceso Suoermercado ALDI","https://www.lorca.es/ficheros/File/parking-disabled/imagen-plazas/plaza1.jpg","-1.70556149555364","37.6583904518595"
"C/. TALLERES, edif. Alhambra, 1 plaza","https://www.lorca.es/ficheros/File/parking-disabled/imagen-plazas/plaza1.jpg","-1.7054987179735","37.6611507800872"
"C/ Talleres altura del Centro de Salud la Viña","https://www.lorca.es/ficheros/File/parking-disabled/imagen-plazas/plaza1.jpg","-1.70547241302802","37.6611932455682"
"Ctra. Granada esquina C/. Las Palomas","https://www.lorca.es/ficheros/File/parking-disabled/imagen-plazas/plaza1.jpg","-1.70545723372959","37.6626787727256"
"C/Ramblilla San Lázaro proximidad al n  103","https://www.lorca.es/ficheros/File/parking-disabled/imagen-plazas/Ramblilla san lazaro 8702 [600].JPG","-1.70545229646041","37.6735691471872"
"Ctra. Granada esquina C/. Las Palomas","https://www.lorca.es/ficheros/File/parking-disabled/imagen-plazas/plaza1.jpg","-1.70545186931156","37.6626893891991"
"Músico Pérez de Tudela, nº 20","https://www.lorca.es/ficheros/File/parking-disabled/imagen-plazas/plaza1.jpg","-1.70543811393895","37.6642635923862"
"C/Proximidad al acceso Parador de Lorca","https://www.lorca.es/ficheros/File/parking-disabled/imagen-plazas/plaza1.jpg","-1.7053470604319","37.6773819374179"
"C/Proximidad al acceso Parador de Lorca","https://www.lorca.es/ficheros/File/parking-disabled/imagen-plazas/plaza1.jpg","-1.70533834325261","37.6773856524478"
"C/ Talleres altura del Centro de Salud la Viña","https://www.lorca.es/ficheros/File/parking-disabled/imagen-plazas/plaza1.jpg","-1.70531148048713","37.6615287321118"
"C/ Talleres altura del Centro de Salud la Viña","https://www.lorca.es/ficheros/File/parking-disabled/imagen-plazas/plaza1.jpg","-1.7053061160691","37.6615329787672"
"C/ Talleres altura del Centro de Salud La Viña ","https://www.lorca.es/ficheros/File/parking-disabled/imagen-plazas/plaza1.jpg","-1.7053061160691","37.6615457187319"
"Travesía C/ Benemérita, altura AA.VV. Alfonso X El Sabio","https://www.lorca.es/ficheros/File/parking-disabled/imagen-plazas/Benemerita exquina AAVV alfonso X19 [600].JPG","-1.70495877000167","37.6659355680583"
"C/ Benemérita altura Cuartel Guardia Civil (BAJA POR MOTIVOS DE SEGURIDAD DESDE JUNIO 2017)","https://www.lorca.es/ficheros/File/parking-disabled/imagen-plazas/plaza1.jpg","-1.70479631838532","37.6657645541197"
"CALLE GUITARRISTA CANO, FRENTE N  13","https://www.lorca.es/ficheros/File/parking-disabled/imagen-plazas/plaza1.jpg","-1.70457062914423","37.6646074947903"
"Ctra. de Granada, frente a n  42","https://www.lorca.es/ficheros/File/parking-disabled/imagen-plazas/plaza1.jpg","-1.70456046196296","37.663826137193"
"Ctra. de Granada, frente a n  42","https://www.lorca.es/ficheros/File/parking-disabled/imagen-plazas/plaza1.jpg","-1.7045497331269","37.6638473698104"
"C/. SOR MATILDE GARCÍA, JUNTO A MURO COLEGIO SAN JOSÉ DE CALASANZ, DOS PLAZAS JUNTAS","https://www.lorca.es/ficheros/File/parking-disabled/imagen-plazas/plaza1.jpg","-1.7044740896648","37.6741614584474"
"C/ Tenor J. Romeu con C/Mateo Aleman B   Alfonso X ","https://www.lorca.es/ficheros/File/parking-disabled/imagen-plazas/plaza1.jpg","-1.70441830488517","37.6649811827574"
"C/Ramblilla San Lázaro proximidad al n  87","https://www.lorca.es/ficheros/File/parking-disabled/imagen-plazas/plaza1.jpg","-1.70435192021205","37.6733488873407"
"C  Viejo del Puerto n  60","https://www.lorca.es/ficheros/File/parking-disabled/imagen-plazas/Ctra viejo del puerto 6016 [600].JPG","-1.7041020404755","37.6627914112474"
"TRAVESÍA SEGUNDA CAÍDA, JUNTO AL MURO RECINTO CALVARIO","https://www.lorca.es/ficheros/File/parking-disabled/imagen-plazas/plaza1.jpg","-1.70407175812216","37.670106481882"
"C/Perez Casas, altura Travesía Virgen de las Huertas(farmacia)","https://www.lorca.es/ficheros/File/parking-disabled/imagen-plazas/Lorenzo soto esquina Pérez casas [600].jpg","-1.7038309011109","37.6663103122128"
"Cañada Sepulcro","https://www.lorca.es/ficheros/File/parking-disabled/imagen-plazas/plaza1.jpg","-1.70380330754438","37.6707869898843"
"Cañada Sepulcro","https://www.lorca.es/ficheros/File/parking-disabled/imagen-plazas/plaza1.jpg","-1.70375905109563","37.6707604515931"
"C/ Rambla Alta n 23","https://www.lorca.es/ficheros/File/parking-disabled/imagen-plazas/plaza1.jpg","-1.70374048095096","37.6681633553289"
"C/ Benemérita altura Cuartel Guardia Civil (BAJA POR MOTIVOS DE SEGURIDAD, DESDE JUNIO 2017)","https://www.lorca.es/ficheros/File/parking-disabled/imagen-plazas/plaza1.jpg","-1.70373684582444","37.6652528595667"
"CAÑADA SEPULCRO, PROXIMIDAD A ESPOLON Y ROMI, DOS PLAZAS MINUSVALIDOS","https://www.lorca.es/ficheros/File/parking-disabled/imagen-plazas/plaza1.jpg","-1.70351041104504","37.67065803868"
"C/ Juan Bayonas n 12","https://www.lorca.es/ficheros/File/parking-disabled/imagen-plazas/plaza1.jpg","-1.70349575581963","37.6691687924374"
"C/Joaquin Sorolla  N  14","https://www.lorca.es/ficheros/File/parking-disabled/imagen-plazas/plaza1.jpg","-1.70328476871714","37.6636910881648"
"II TRAVESÍA CAMINO VIEJO DEL PUERTO, 5","https://www.lorca.es/ficheros/File/parking-disabled/imagen-plazas/plaza1.jpg","-1.70317590604188","37.6647794770061"
"C/Jose María Zarauz,esquina con C/Soledad","https://www.lorca.es/ficheros/File/parking-disabled/imagen-plazas/plaza1.jpg","-1.70308072638932","37.6735163988079"
"C/José María Zarauz,esquina con C/Soledad","https://www.lorca.es/ficheros/File/parking-disabled/imagen-plazas/plaza1.jpg","-1.70304317546311","37.6735025994053"
"Cañada  Sepulcro frente a C/ La Horca","https://www.lorca.es/ficheros/File/parking-disabled/imagen-plazas/plaza1.jpg","-1.70297594698741","37.6702704885371"
"C/ Rambla Alta n  2","https://www.lorca.es/ficheros/File/parking-disabled/imagen-plazas/plaza1.jpg","-1.70261885092623","37.6680215983278"
"SEBASTIAN CLAVIJO","https://www.lorca.es/ficheros/File/parking-disabled/imagen-plazas/plaza1.jpg","-1.70252725396722","37.669115737379"
"C/. CABEZO VELEZ, FRENTE N  4","https://www.lorca.es/ficheros/File/parking-disabled/imagen-plazas/plaza1.jpg","-1.70249752149584","37.6725277083656"
"C/ Cabezo de Vélez, frente nº 4","https://www.lorca.es/ficheros/File/parking-disabled/imagen-plazas/plaza1.jpg","-1.70238307787099","37.6724758672163"
"Camino Viejo del Puerto, 5, 30800 Lorca, Murcia, España","https://www.lorca.es/ficheros/File/parking-disabled/imagen-plazas/plaza1.jpg","-1.702326449873","37.6627826537526"
"C/Pérez Casas, frente a plaza San José","https://www.lorca.es/ficheros/File/parking-disabled/imagen-plazas/plaza1.jpg","-1.70229381891022","37.6685156280576"
"C/Francisco Escobar Barberan (Colegio Ana Caicedo,proximidad Ong´s)","https://www.lorca.es/ficheros/File/parking-disabled/imagen-plazas/plaza1.jpg","-1.70220347079112","37.6628515535178"
"C/Francisco Escobar Barberan (Colegio Ana Caicedo,proximidad Ong´s)","https://www.lorca.es/ficheros/File/parking-disabled/imagen-plazas/plaza1.jpg","-1.70219957828522","37.6628624200678"
"C/Ramblilla San Lázaro proximidad con C/Herradura","https://www.lorca.es/ficheros/File/parking-disabled/imagen-plazas/plaza1.jpg","-1.70191787486874","37.6729532195178"
"C/. PEREZ CASAS, 26","https://www.lorca.es/ficheros/File/parking-disabled/imagen-plazas/plaza1.jpg","-1.70191557668647","37.669548446058"
"C/Ramblilla San Lázaro proximidad con C/ Herradura","https://www.lorca.es/ficheros/File/parking-disabled/imagen-plazas/plaza1.jpg","-1.70186691289746","37.6728953677195"
"C/La Seda, junto a vado n 2294","https://www.lorca.es/ficheros/File/parking-disabled/imagen-plazas/plaza1.jpg","-1.70184284448624","37.6660362886488"
"C/Redón n 40","https://www.lorca.es/ficheros/File/parking-disabled/imagen-plazas/plaza1.jpg","-1.70179046134217","37.6704557080672"
"C/La Seda, junto a vado n  2294","https://www.lorca.es/ficheros/File/parking-disabled/imagen-plazas/plaza1.jpg","-1.70171463819815","37.6661277175637"
"C/. FRANCISCO ESCOBAR BARBERÁN, 30-32","https://www.lorca.es/ficheros/File/parking-disabled/imagen-plazas/plaza1.jpg","-1.70167391076688","37.6642210641604"
"C/Palmera Uceta con C/Vieja de San Pedro","https://www.lorca.es/ficheros/File/parking-disabled/imagen-plazas/plaza1.jpg","-1.70157923925206","37.6763708625821"
"C/Redón n  11","https://www.lorca.es/ficheros/File/parking-disabled/imagen-plazas/Redon 1126 [600].JPG","-1.70157469632989","37.6712848845731"
"C/. ESPIN ALTA, PROXIMIDAD 24","https://www.lorca.es/ficheros/File/parking-disabled/imagen-plazas/plaza1.jpg","-1.70131918406139","37.6734301241568"
"C/José Mouliaá,esquina C/Jerónimo Santa Fe","https://www.lorca.es/ficheros/File/parking-disabled/imagen-plazas/jose moulia22 [600].JPG","-1.70130727119863","37.6683102309686"
"ROTONDA SANTA MARÍA, JUNTO A IGLESIA SANTA MARÍA ANTIGUAS PISTAS DEPORTIVAS","https://www.lorca.es/ficheros/File/parking-disabled/imagen-plazas/plaza1.jpg","-1.70100328958696","37.6787299414349"
"C/Nogalte,proximidad con C/Campoamor","https://www.lorca.es/ficheros/File/parking-disabled/imagen-plazas/plaza1.jpg","-1.70050350061172","37.6723885466193"
"CTRA. CARAVACA, esquina con C/. Los Limoneros.","https://www.lorca.es/ficheros/File/parking-disabled/imagen-plazas/plaza1.jpg","-1.70046969953833","37.6872016947786"
"C/. CORREGIDOR CON C/. MOYA Y C/. LABERINTO","https://www.lorca.es/ficheros/File/parking-disabled/imagen-plazas/plaza1.jpg","-1.70029148032188","37.6771556220529"
"Camino Marín esquina C/Arquitecto Ortiz de la Jara","https://www.lorca.es/ficheros/File/parking-disabled/imagen-plazas/camino marin esquina  artuitecto Ortiz de la Jara33 [600].JPG","-1.70017478773161","37.6662070239562"
"C/ Ministro Perez de Meca edif. Nuevo Ensanchez n 1 con C/Fray Diego de Cadiz","https://www.lorca.es/ficheros/File/parking-disabled/imagen-plazas/plaza1.jpg","-1.70016642552073","37.6675990792281"
"C/ Ministro Perez de Meca edif. Nuevo Ensanchez n 1 con C/Fray Diego de Cadiz","https://www.lorca.es/ficheros/File/parking-disabled/imagen-plazas/plaza1.jpg","-1.70016106370142","37.6675502466674"
"AVDA. PORTUGAL, JUNTO N  15","https://www.lorca.es/ficheros/File/parking-disabled/imagen-plazas/plaza negrito28 [600].JPG","-1.69989824295044","37.6714440117311"
"CTRA. CARAVACA,NÚMERO 21, RM-711","https://www.lorca.es/ficheros/File/parking-disabled/imagen-plazas/plaza1.jpg","-1.69986627651762","37.6857392136274"
"CTRA. CARAVACA, NÚMERO 42, RM-711 (UNA PLAZA DE RESERVA EN CADA BANDA DE LA CALLE)","https://www.lorca.es/ficheros/File/parking-disabled/imagen-plazas/plaza1.jpg","-1.6998555515767","37.6846269445058"
"CTRA. CARAVACA, 36, RM-711","https://www.lorca.es/ficheros/File/parking-disabled/imagen-plazas/plaza1.jpg","-1.69964100893797","37.683990141699"
"C/Álamo,proximidad al Excmo Ayuntamiento","https://www.lorca.es/ficheros/File/parking-disabled/imagen-plazas/Alamo (ayuntamiento)43 [600].JPG","-1.6995983752854","37.6763257898213"
"Ronda Sur, Centro Integral de Emergencias y Seguridad","https://www.lorca.es/ficheros/File/parking-disabled/imagen-plazas/plaza1.jpg","-1.69959032865836","37.6581716750269"
"CTRA. CARAVACA, NÚMERO 15, RM-711","https://www.lorca.es/ficheros/File/parking-disabled/imagen-plazas/plaza1.jpg","-1.69954963562885","37.6830816268976"
"C/Arquitecto Ortiz de la Jara n 1","https://www.lorca.es/ficheros/File/parking-disabled/imagen-plazas/plaza1.jpg","-1.69938920234267","37.6675415231299"
"Calle Ingeniero Juan Escofet, dos plazas","https://www.lorca.es/ficheros/File/parking-disabled/imagen-plazas/plaza1.jpg","-1.69937789352387","37.6848264749271"
"PERIODISTA ANGELA RUIZ, FRENTE A SOLAR APARCAMIENTO Y VÍA FÉRREA.","https://www.lorca.es/ficheros/File/parking-disabled/imagen-plazas/plaza1.jpg","-1.69925440031473","37.6666457769079"
"C/ Poeta Carlos Mellado altura Teatro Guerra","https://www.lorca.es/ficheros/File/parking-disabled/imagen-plazas/plaza1.jpg","-1.69849196406676","37.6728696208859"
"Cabezo Marines, altura del parque","https://www.lorca.es/ficheros/File/parking-disabled/imagen-plazas/plaza1.jpg","-1.69834712477996","37.6850371474743"
"Plaza Santiago (C/Don Juan II)","https://www.lorca.es/ficheros/File/parking-disabled/imagen-plazas/Plaza Santiago44 [600].JPG","-1.69832017675594","37.677067530155"
"Plaza Camacho","https://www.lorca.es/ficheros/File/parking-disabled/imagen-plazas/plaza1.jpg","-1.69821211288013","37.6823016149367"
"Plaza Camacho","https://www.lorca.es/ficheros/File/parking-disabled/imagen-plazas/plaza1.jpg","-1.69820071349181","37.6822883478514"
"CAMINO MARIN, FRENTE N  22","https://www.lorca.es/ficheros/File/parking-disabled/imagen-plazas/plaza1.jpg","-1.69818136625902","37.6649344729827"
"Alameda de Cervantes n 7, (dos plazas)","https://www.lorca.es/ficheros/File/parking-disabled/imagen-plazas/plaza1.jpg","-1.69815652241334","37.6702966231858"
"C/. CARLOS MARIA BARBERAN, FRENTE CENTRO DESARROLLO LOCAL","https://www.lorca.es/ficheros/File/parking-disabled/imagen-plazas/plaza1.jpg","-1.69806278175361","37.6684298359937"
"C/Actor Antonio Tudela con Plaza Artes Escénicas","https://www.lorca.es/ficheros/File/parking-disabled/imagen-plazas/ACtor Antonio Tudela30 [600].JPG","-1.69799990952015","37.6661377708481"
"C/. JOSE ESPINOSA POMARES, esquina Alameda Cervantes.","https://www.lorca.es/ficheros/File/parking-disabled/imagen-plazas/plaza1.jpg","-1.6978967878357","37.6698733096734"
"C/Lope Gisbert,frente a Palacio Guevara","https://www.lorca.es/ficheros/File/parking-disabled/imagen-plazas/Lopez Gisbert fente palacio Guevara42 [600].JPG","-1.69780263634993","37.6749580960247"
"Carril de Paco Reverte, 1","https://www.lorca.es/ficheros/File/parking-disabled/imagen-plazas/arcos de reverte (confirmar)50 [600].JPG","-1.6977046920133","37.6816256338511"
"C/. Carlos Maria  Barberan, junto n  9.","https://www.lorca.es/ficheros/File/parking-disabled/imagen-plazas/Alameda cervantes junto edificio puerta sol37 [600].JPG","-1.69754586011891","37.667564650464"
"C/Marsilla,frente  a Plaza Ibreño","https://www.lorca.es/ficheros/File/parking-disabled/imagen-plazas/plaza1.jpg","-1.69753326377167","37.6781289510478"
"C/Portijico, 31 con C/Mulero","https://www.lorca.es/ficheros/File/parking-disabled/imagen-plazas/portijico con mulero52 [600].JPG","-1.69739374049277","37.6837716251983"
"Alameda Cervantes,  frente al n  15.","https://www.lorca.es/ficheros/File/parking-disabled/imagen-plazas/plaza1.jpg","-1.69723721230321","37.6683241135003"
" Alameda Rafael Méndez, 2, altura bloque H de urbanización La Isla, (dos plazas, tiempo max 2 horas)","https://www.lorca.es/ficheros/File/parking-disabled/imagen-plazas/Alameda  Rafael Mendez edificio H41 [600].JPG","-1.69716943743435","37.669492722805"
"C/La Rambla, junto al Centro de Visitantes Lorca Taller del Tiempo","https://www.lorca.es/ficheros/File/parking-disabled/imagen-plazas/plaza1.jpg","-1.69715823563411","37.6796995390081"
"C/La Rambla, junto al Centro Visitantes Lorca Taller del Tiempo","https://www.lorca.es/ficheros/File/parking-disabled/imagen-plazas/plaza1.jpg","-1.69712806078269","37.6797414644525"
"Camino Marín con esquina Camino del Gato","https://www.lorca.es/ficheros/File/parking-disabled/imagen-plazas/camino marin squina camino del gato32 [600].JPG","-1.69703035214957","37.6641288557909"
"Avenida Juan Carlos I, 31(promiximidad con C/Emilio García Navarro-Centro cultural)","https://www.lorca.es/ficheros/File/parking-disabled/imagen-plazas/plaza1.jpg","-1.69701674910857","37.6735542863024"
"C/Santo Domingo,junto a Delegación de Hacienda","https://www.lorca.es/ficheros/File/parking-disabled/imagen-plazas/santo domingo HACIENDA46 [600].JPG","-1.69694701167418","37.6780134796629"
"Plaza Juan Moreno, callejón La Merced junto a sede de Urbanismo (Calle Puente Alberca, 9)","https://www.lorca.es/ficheros/File/parking-disabled/imagen-plazas/URBANISMO47 [600].JPG","-1.69687960555723","37.6792651838729"
"Plaza Juan Moreno, callejón La Merced junot a Sede de Urbanismo (Calle Puente Alberca, 9)","https://www.lorca.es/ficheros/File/parking-disabled/imagen-plazas/URBANISMO47 [600].JPG","-1.69684943070581","37.6792678373983"
"C/, LOPE GISBERT, FRENTE A ANTIGUA COMISARIA (DOS RESERVAS)","https://www.lorca.es/ficheros/File/parking-disabled/imagen-plazas/plaza1.jpg","-1.69676537413181","37.6765009305095"
"Alameda Cervantes, frente n  21.","https://www.lorca.es/ficheros/File/parking-disabled/imagen-plazas/plaza1.jpg","-1.69665940992581","37.6673204545814"
"Plaza Real junto a Biblioteca Municipal (Travesía Eugenio Úbeda, 4)","https://www.lorca.es/ficheros/File/parking-disabled/imagen-plazas/SANTA ROSA DE LIMA parte por detras [600].jpg","-1.69633648773151","37.6770599551867"
"Plaza Real junto a Biblioteca Municipal (Travesía Eugenio Úbeda, 4)","https://www.lorca.es/ficheros/File/parking-disabled/imagen-plazas/plaza1.jpg","-1.69633313497025","37.6770636702326"
"Plaza Real junto a Biblioteca Municipal (Travesía Eugenio Úbeda, 3)","https://www.lorca.es/ficheros/File/parking-disabled/imagen-plazas/plaza1.jpg","-1.69630602948246","37.6770679968602"
"C/Muso Valiente altura del Hotel Alameda","https://www.lorca.es/ficheros/File/parking-disabled/imagen-plazas/plaza1.jpg","-1.6962980479002","37.6749617792828"
"Plaza de Carruajes,frente a servicios sociales(Renfe)","https://www.lorca.es/ficheros/File/parking-disabled/imagen-plazas/plaza1.jpg","-1.69628249439074","37.6722019333335"
"PINTOR EMILIANO ROJO, FRENTE AL CENTRO SALUD MENTAL","https://www.lorca.es/ficheros/File/parking-disabled/imagen-plazas/plaza1.jpg","-1.69622690526762","37.6632059411794"
"C/Actor Ramón Meca","https://www.lorca.es/ficheros/File/parking-disabled/imagen-plazas/plaza1.jpg","-1.69605778144114","37.6654189862467"
"C/Grecia","https://www.lorca.es/ficheros/File/parking-disabled/imagen-plazas/plaza1.jpg","-1.69595972698357","37.6652335640551"
"CALLEJON DE LOS FRAILES, frente al vado permanente 9040","https://www.lorca.es/ficheros/File/parking-disabled/imagen-plazas/plaza1.jpg","-1.69557998572204","37.6787511697885"
"Alameda de Cervantes, frente al n  44, junto y frente  al LILD. (dos reservas)","https://www.lorca.es/ficheros/File/parking-disabled/imagen-plazas/plaza1.jpg","-1.69557043306577","37.6659488792007"
"C/Poeta Para Vico y Alameda de Cervantes (junto a lid´l)","https://www.lorca.es/ficheros/File/parking-disabled/imagen-plazas/plaza1.jpg","-1.69555829795672","37.6657890669963"
"Alameda de Cervantes, frente edif. Columbia.","https://www.lorca.es/ficheros/File/parking-disabled/imagen-plazas/Grecia36 [600].JPG","-1.69550875078733","37.6653930212652"
"C/Grecia y Travesía Alam. Cervantes (C/Azahar)","https://www.lorca.es/ficheros/File/parking-disabled/imagen-plazas/Azahar38 [600].JPG","-1.69539990634257","37.6644350584505"
"RAFAEL SANCHEZ CAMPOY, FRENTE N  1","https://www.lorca.es/ficheros/File/parking-disabled/imagen-plazas/plaza1.jpg","-1.69532031862059","37.6632229274157"
"Travesía Ramón y Cajal, 5,frente a pasaje","https://www.lorca.es/ficheros/File/parking-disabled/imagen-plazas/plaza1.jpg","-1.69517474206759","37.6752234634979"
"Alameda de Cervantes ,junto N  61","https://www.lorca.es/ficheros/File/parking-disabled/imagen-plazas/Alameda cervantes junto edificio puerta sol37 [600].JPG","-1.69511647073546","37.6650191999665"
"RAFAEL SANCHEZ CAMPOY, 4","https://www.lorca.es/ficheros/File/parking-disabled/imagen-plazas/plaza1.jpg","-1.69508813990274","37.6628144604372"
"RAFAEL SANCHEZ CAMPOY, N  3","https://www.lorca.es/ficheros/File/parking-disabled/imagen-plazas/plaza1.jpg","-1.69498722178855","37.6628786899616"
"C/Abellaneda,frente a rotonda con C/Prolongación C/Abellaneda","https://www.lorca.es/ficheros/File/parking-disabled/imagen-plazas/Calle aballaneda53 [600].JPG","-1.69490567434389","37.6847568347415"
"ROTONDA B  SAN FERNANDO CON AVDA. SUTULLENA","https://www.lorca.es/ficheros/File/parking-disabled/imagen-plazas/plaza1.jpg","-1.69481991900125","37.6621604839345"
"Alameda de Cervantes  N  60, urbanización Las Palmeras","https://www.lorca.es/ficheros/File/parking-disabled/imagen-plazas/plaza1.jpg","-1.69466971529641","37.6640841775841"
"C/Turbinto, 6,esquina C/Mayor","https://www.lorca.es/ficheros/File/parking-disabled/imagen-plazas/plaza1.jpg","-1.69458957177562","37.6819659487431"
"C/Charco, n  12","https://www.lorca.es/ficheros/File/parking-disabled/imagen-plazas/plaza1.jpg","-1.69454134110447","37.6815654409187"
"CALLE ABELLANEDA, PROXIMIDAD CON N  48","https://www.lorca.es/ficheros/File/parking-disabled/imagen-plazas/plaza1.jpg","-1.69415294815735","37.6835613580624"
"Puerta principal Colegio San Cristobal (C/Pareja)","https://www.lorca.es/ficheros/File/parking-disabled/imagen-plazas/plaza1.jpg","-1.69408042967336","37.6852889202678"
"C/. SAN FERNANDO, esquina C/. Turbinto","https://www.lorca.es/ficheros/File/parking-disabled/imagen-plazas/plaza1.jpg","-1.69395331816191","37.6802150627334"
"c/. LOS VERAS, 39","https://www.lorca.es/ficheros/File/parking-disabled/imagen-plazas/plaza1.jpg","-1.69377746013505","37.6824278289872"
"CALLE ABELLANEDA, FRENTE N  26","https://www.lorca.es/ficheros/File/parking-disabled/imagen-plazas/plaza1.jpg","-1.69358968734741","37.6828969507991"
"Explanada antiguas Lonjas Municipales (C/Carril de Caldereros, 45)","https://www.lorca.es/ficheros/File/parking-disabled/imagen-plazas/Explanada la Lonja49 [600].JPG","-1.69352982567352","37.6787948305839"
"Explanada antiguas Lonjas Municipales (C/Carril de Caldereros, 45)","https://www.lorca.es/ficheros/File/parking-disabled/imagen-plazas/plaza1.jpg","-1.6935070268969","37.6787805014544"
"C/Poeta Para Vico n 15,frente a C/Océano Pacífico","https://www.lorca.es/ficheros/File/parking-disabled/imagen-plazas/plaza1.jpg","-1.69272779201333","37.6673909362795"
"C/Tercera Edad (C/Miguel Ángel Blanco Garrido, 74), junto a centro de día de personas mayores","https://www.lorca.es/ficheros/File/parking-disabled/imagen-plazas/plaza1.jpg","-1.69268632265403","37.6771781310616"
"C/Tercera Edad (C/Miguel Ángel Blanco Garrido, 74),junto a Centro de Día para Personas Mayores","https://www.lorca.es/ficheros/File/parking-disabled/imagen-plazas/plaza1.jpg","-1.69264944228007","37.6772301416049"
"C/Tercera Edad (C/Miguel Ángel Blanco Garrido, 74),junto a Centro de día para Personas Mayores","https://www.lorca.es/ficheros/File/parking-disabled/imagen-plazas/plaza1.jpg","-1.6926373723395","37.6772423481557"
"C/Tercera Edad (C/Miguel Ángel Blanco Garrido, 74),junto a Centro de día para Personas Mayores","https://www.lorca.es/ficheros/File/parking-disabled/imagen-plazas/plaza1.jpg","-1.69263267847373","37.6772492475096"
"C/Tercera Edad (C/Miguel Ángel Blanco Garrido, 74),junto a Centro de día para Personas Mayores","https://www.lorca.es/ficheros/File/parking-disabled/imagen-plazas/plaza1.jpg","-1.69262932571246","37.6772503089486"
"Avda. Rafael Maroto, junto a Parque San Diego","https://www.lorca.es/ficheros/File/parking-disabled/imagen-plazas/plaza1.jpg","-1.69254691408617","37.68021"
"C/ Huercal Overa","https://www.lorca.es/ficheros/File/parking-disabled/imagen-plazas/plaza1.jpg","-1.69237331901434","37.6810464930768"
"C/. HUERCAL OVERA, FRENTE A CENTRO SOCIAL","https://www.lorca.es/ficheros/File/parking-disabled/imagen-plazas/plaza1.jpg","-1.69234515581968","37.6809583980956"
"C/Ortega Melgares (C/Caballón)","https://www.lorca.es/ficheros/File/parking-disabled/imagen-plazas/Ortega melgares-caballon58 [600].JPG","-1.69232242458895","37.6820006350436"
"C/ Huercal Overa","https://www.lorca.es/ficheros/File/parking-disabled/imagen-plazas/plaza1.jpg","-1.69223250304105","37.6805274741499"
"C/Escultor Rodriguez La Rosa","https://www.lorca.es/ficheros/File/parking-disabled/imagen-plazas/plaza1.jpg","-1.69211902270183","37.6808602772253"
"AVDA. RAFAEL MAROTO, esquina c/. Huercal Overa","https://www.lorca.es/ficheros/File/parking-disabled/imagen-plazas/plaza1.jpg","-1.69211776064378","37.6804265246014"
"C/. ZAMBRANA, PROXIMIDAD N  6","https://www.lorca.es/ficheros/File/parking-disabled/imagen-plazas/plaza1.jpg","-1.69201249462563","37.6835868304269"
"C/. POETA PARA VICO, 19","https://www.lorca.es/ficheros/File/parking-disabled/imagen-plazas/plaza1.jpg","-1.69193207328982","37.6696988489445"
"C/Mazarrón n 2","https://www.lorca.es/ficheros/File/parking-disabled/imagen-plazas/plaza1.jpg","-1.69169036502967","37.6808551791904"
"C/ lOS VOLUNTARIOS, proximidad con  Maria del Mar Marmol Ferri","https://www.lorca.es/ficheros/File/parking-disabled/imagen-plazas/plaza1.jpg","-1.69167894907378","37.6812526959303"
"Avda. Rafael Maroto, junto a Parque San Diego","https://www.lorca.es/ficheros/File/parking-disabled/imagen-plazas/plaza1.jpg","-1.69167519615633","37.6803628409607"
"C/. ORTEGA MELGARES-CABALLON N  32(20) ","https://www.lorca.es/ficheros/File/parking-disabled/imagen-plazas/plaza1.jpg","-1.69167441442359","37.6820287547032"
"C/ Los Voluntarios","https://www.lorca.es/ficheros/File/parking-disabled/imagen-plazas/plaza1.jpg","-1.69161277420505","37.6812947007846"
"AVDA. RAFAEL MAROTO, JUNTO A PARQUE SAN DIEGO, DOS PLAZAS RESERVA MINUSVALIDOS","https://www.lorca.es/ficheros/File/parking-disabled/imagen-plazas/plaza1.jpg","-1.69157327221376","37.680371332116"
"Avda. Rafael Maroto, junto a Parque San Diego","https://www.lorca.es/ficheros/File/parking-disabled/imagen-plazas/plaza1.jpg","-1.69155181454164","37.680422279027"
"C/. POETA PARA VICO, ALTURA NUEVAS ALAMEDAS  ","https://www.lorca.es/ficheros/File/parking-disabled/imagen-plazas/plaza1.jpg","-1.69151367227083","37.6714355195542"
"Centro comercial San Diego","https://www.lorca.es/ficheros/File/parking-disabled/imagen-plazas/plaza1.jpg","-1.69140154453589","37.6789294864407"
"Centro comercial San Diego","https://www.lorca.es/ficheros/File/parking-disabled/imagen-plazas/plaza1.jpg","-1.69135339558125","37.679132997176"
"Centro comercial San Diego","https://www.lorca.es/ficheros/File/parking-disabled/imagen-plazas/plaza1.jpg","-1.69134253593757","37.6791290321875"
"C/. TOMAS DE ARDERIUS SANCHEZ FORTUN, 54","https://www.lorca.es/ficheros/File/parking-disabled/imagen-plazas/plaza1.jpg","-1.69130980014011","37.6698219882971"
"C/Tomás de Arderius Sánchez Fortún, 43,esquina con Vereda Los Reales","https://www.lorca.es/ficheros/File/parking-disabled/imagen-plazas/plaza1.jpg","-1.69128628343242","37.6700698154404"
"Centro comercial San Diego","https://www.lorca.es/ficheros/File/parking-disabled/imagen-plazas/plaza1.jpg","-1.69125670524909","37.6789905177766"
"C/. TOMAS DE ARDERIUS SANCHEZ FORTUN, 27-28","https://www.lorca.es/ficheros/File/parking-disabled/imagen-plazas/plaza1.jpg","-1.69104157847065","37.6712486914151"
"C/Luis de Peralta  con esquina C/ Filibertos","https://www.lorca.es/ficheros/File/parking-disabled/imagen-plazas/plaza1.jpg","-1.69061801226849","37.6812898276271"
"C/ Luis de Peralta","https://www.lorca.es/ficheros/File/parking-disabled/imagen-plazas/plaza1.jpg","-1.69060996564144","37.6811656459223"
"C/Juan Antonio Dimas, 3,junto a Centro de Salud San Diego","https://www.lorca.es/ficheros/File/parking-disabled/imagen-plazas/plaza1.jpg","-1.69058347078635","37.6796830872448"
"PLAZA CEREZUELA, PROXIMIDAD A CALLE SANDOVAL","https://www.lorca.es/ficheros/File/parking-disabled/imagen-plazas/plaza1.jpg","-1.69046226217106","37.6839943870691"
"C/. Horno Santa Quiteria, frente n  25.","https://www.lorca.es/ficheros/File/parking-disabled/imagen-plazas/plaza1.jpg","-1.69025902408146","37.6731863996189"
"AVDA. EUROPA, N  1","https://www.lorca.es/ficheros/File/parking-disabled/imagen-plazas/plaza1.jpg","-1.69021280685422","37.6806763469593"
"C/Juan Antonio Dimas, 7, junto a IES Principe de Asturias","https://www.lorca.es/ficheros/File/parking-disabled/imagen-plazas/plaza1.jpg","-1.69018985661342","37.6788827841671"
"C/Juan Antonio Dimas, 7,junto a IES Príncipe de Asturias","https://www.lorca.es/ficheros/File/parking-disabled/imagen-plazas/plaza1.jpg","-1.69016303452327","37.6788238755756"
"C/. CANAL DE SAN DIEGO, JUNTO A IGLESIA","https://www.lorca.es/ficheros/File/parking-disabled/imagen-plazas/plaza1.jpg","-1.69014109901968","37.6805457240412"
"C/ Cristo de la Sangre","https://www.lorca.es/ficheros/File/parking-disabled/imagen-plazas/plaza1.jpg","-1.6900546085983","37.68169164504"
"C/. CEREZO, 18","https://www.lorca.es/ficheros/File/parking-disabled/imagen-plazas/plaza1.jpg","-1.68996326994402","37.6832259711142"
"C/Cristo de la Sangre","https://www.lorca.es/ficheros/File/parking-disabled/imagen-plazas/plaza1.jpg","-1.68996274293954","37.6813079568209"
"Avda. Europa, frente C/ Cristo de la Sangre","https://www.lorca.es/ficheros/File/parking-disabled/imagen-plazas/plaza1.jpg","-1.68987196913372","37.6806686491989"
"C/ Canal San Diego, junto a residencia ancianos","https://www.lorca.es/ficheros/File/parking-disabled/imagen-plazas/plaza1.jpg","-1.68975522250673","37.6805323443305"
"AVDA. EUROPA, ESQUINA C/. Cristo de la Sangre, junto a BMN","https://www.lorca.es/ficheros/File/parking-disabled/imagen-plazas/plaza1.jpg","-1.68971908321987","37.6807641742457"
"Avenida Europa,n 6 (obras de remodelación)","https://www.lorca.es/ficheros/File/parking-disabled/imagen-plazas/plaza1.jpg","-1.6896916362889","37.6807131728621"
"C/Cañada Morales, 12,frente Colegio Juan González","https://www.lorca.es/ficheros/File/parking-disabled/imagen-plazas/Colegio Juan Gonzalez54 [600].JPG","-1.68957764240577","37.6853226440455"
"C/Cañada Morales, 12,frente a Colegio Juan González","https://www.lorca.es/ficheros/File/parking-disabled/imagen-plazas/Colegio Juan Gonzalez54 [600].JPG","-1.68956490191295","37.6853380332347"
"Avda. Europa, altura oficina BMN","https://www.lorca.es/ficheros/File/parking-disabled/imagen-plazas/plaza1.jpg","-1.68952059975277","37.6807981386771"
"C/ Canal San Diego, junto a residencia ancianos","https://www.lorca.es/ficheros/File/parking-disabled/imagen-plazas/plaza1.jpg","-1.68936898440859","37.6804941342071"
"C/. CANAL DE SAN DIEGO, JUNTO A RESIDENCIA DE ANCIANOS SAN DIEGO","https://www.lorca.es/ficheros/File/parking-disabled/imagen-plazas/plaza1.jpg","-1.68921341628572","37.6804559240641"
"Puerta principal Hureto de la Rueda (C/Lorca 96)","https://www.lorca.es/ficheros/File/parking-disabled/imagen-plazas/plaza1.jpg","-1.68909869514118","37.6737423484119"
"Puerta principal Huerto de la Rueda (C/Lorca 96)","https://www.lorca.es/ficheros/File/parking-disabled/imagen-plazas/plaza1.jpg","-1.6890926601709","37.6737115652193"
"Carril Vírgen de las Huertas con C/Maestro Tomás","https://www.lorca.es/ficheros/File/parking-disabled/imagen-plazas/plaza1.jpg","-1.68907917362799","37.6650873303224"
"Complejo Deportivo Felipe VI","https://www.lorca.es/ficheros/File/parking-disabled/imagen-plazas/plaza1.jpg","-1.68907338711097","37.6771377963295"
"Complejo Deportivo Felipe VI","https://www.lorca.es/ficheros/File/parking-disabled/imagen-plazas/plaza1.jpg","-1.68898219200446","37.6766792525701"
"Complejo Deportivo Felipe VI","https://www.lorca.es/ficheros/File/parking-disabled/imagen-plazas/plaza1.jpg","-1.68896073433234","37.6771165675143"
"C/ Ministriles","https://www.lorca.es/ficheros/File/parking-disabled/imagen-plazas/plaza1.jpg","-1.68894110290216","37.6819923826819"
"Complejo Deportivo Felipe VI","https://www.lorca.es/ficheros/File/parking-disabled/imagen-plazas/plaza1.jpg","-1.68882125946357","37.6766240572968"
"C/. MINISTRILES, FRENTE EDIF. FRANCIA, B  SAN DIEGO","https://www.lorca.es/ficheros/File/parking-disabled/imagen-plazas/plaza1.jpg","-1.6887855347793","37.6820114873602"
"C/. RAMBLILLA TEJARES, PROXIMIDAD N  34, DOS RESERVAS","https://www.lorca.es/ficheros/File/parking-disabled/imagen-plazas/plaza1.jpg","-1.68868466270442","37.6833392523605"
"Avd. Paso Encarnado","https://www.lorca.es/ficheros/File/parking-disabled/imagen-plazas/plaza1.jpg","-1.68862100861566","37.6814642483831"
"Avd. Paso Encarnado","https://www.lorca.es/ficheros/File/parking-disabled/imagen-plazas/plaza1.jpg","-1.68861832640664","37.6814732701016"
"C/Cuesta de Ferrer, altura dúplex frente almazara","https://www.lorca.es/ficheros/File/parking-disabled/imagen-plazas/plaza1.jpg","-1.68858321341349","37.6737665843732"
"c/. GABRIEL GÓMEZ MARTINEZ, (TIO PILLO)","https://www.lorca.es/ficheros/File/parking-disabled/imagen-plazas/plaza1.jpg","-1.68844632460628","37.6705016794816"
"Avda. Europa, altura N  21","https://www.lorca.es/ficheros/File/parking-disabled/imagen-plazas/plaza1.jpg","-1.68813657990108","37.6810019249391"
"C/ Asilo de San Diego, próximo N  1","https://www.lorca.es/ficheros/File/parking-disabled/imagen-plazas/plaza1.jpg","-1.68812760000003","37.6805114571544"
"C/. ASILO SAN DIEGO","https://www.lorca.es/ficheros/File/parking-disabled/imagen-plazas/plaza1.jpg","-1.68812760000003","37.6805815090157"
"AVDA. EUROPA, esquina  Avda. Paso Encarnado, junto Edif. Europa","https://www.lorca.es/ficheros/File/parking-disabled/imagen-plazas/plaza1.jpg","-1.68805074921261","37.6810146615618"
"c/. Rambla Buitrago con rotonda C/. Santa Quiteria.","https://www.lorca.es/ficheros/File/parking-disabled/imagen-plazas/plaza1.jpg","-1.68731630964817","37.6722560784234"
"CALLE CANAL DE SAN DIEGO, FRENTE A EDIF. TURQUIA (DOS PLAZAS)","https://www.lorca.es/ficheros/File/parking-disabled/imagen-plazas/plaza1.jpg","-1.68713093875118","37.680517347527"
"C/Teresa de Calcuta, edificio Murcia","https://www.lorca.es/ficheros/File/parking-disabled/imagen-plazas/Teresa de Carcuta esquina avda europa56 [600].JPG","-1.68701948282069","37.681288691312"
"AVDA. EUROPA, JUNTO A PLAZA PUEBLO SAHARAGÜI","https://www.lorca.es/ficheros/File/parking-disabled/imagen-plazas/plaza1.jpg","-1.68697522358682","37.6811796533385"
"C/Médico Antonio Pelegrín Medina,frente a IES n  6","https://www.lorca.es/ficheros/File/parking-disabled/imagen-plazas/Instituto nº 659 [600].JPG","-1.68678546282126","37.6867198632738"
"C/Médico Antonio Pelegrín Medina, frente a IES n  6","https://www.lorca.es/ficheros/File/parking-disabled/imagen-plazas/Instituto nº 659 [600].JPG","-1.6867747339852","37.6867134954524"
"C/Padre Isidro, frente a Santuario Virgen de las Huertas, AMPLIADA TOTAL DOS PLAZAS","https://www.lorca.es/ficheros/File/parking-disabled/imagen-plazas/plaza1.jpg","-1.68659116256561","37.6670942137798"
"Camino Los Chaparros, 15,frente a farmacia Puente La Pía","https://www.lorca.es/ficheros/File/parking-disabled/imagen-plazas/plaza1.jpg","-1.68654039019566","37.6656459160507"
"C/. MEDICO ANTONIO PELEGRIN MEDINA ALTURA CENTRO DE FORMACION PROFESIONAL CAMPUS UNIVERSITARIO","https://www.lorca.es/ficheros/File/parking-disabled/imagen-plazas/plaza1.jpg","-1.6863396821467","37.6832387073551"
"C/Paseo de Guerra, 8","https://www.lorca.es/ficheros/File/parking-disabled/imagen-plazas/Paseo de Guerra57 [600].JPG","-1.68529897928238","37.6824424061696"
"AVDA. EUROPA, JUNTO AL N  42","https://www.lorca.es/ficheros/File/parking-disabled/imagen-plazas/plaza1.jpg","-1.68498518955428","37.6814980674892"
"Avda. De los Ángeles, 21","https://www.lorca.es/ficheros/File/parking-disabled/imagen-plazas/Avda. Los Angeles 2160 [600].JPG","-1.6842220723629","37.6845125691545"
"CAMINO PUENTE CHURRA (C  Molino La Sierra), esquina Avda. Europa","https://www.lorca.es/ficheros/File/parking-disabled/imagen-plazas/plaza1.jpg","-1.68350405901588","37.6818759171748"
"C/Paseo de los Ángeles, 6,esquina C/Nicolás Bussy","https://www.lorca.es/ficheros/File/parking-disabled/imagen-plazas/Paseo Los Angeles 661 [600].JPG","-1.68328100122335","37.6839197386564"
"C/Paseo de los Ángeles, 3,esquina C/Nicolás Bussy","https://www.lorca.es/ficheros/File/parking-disabled/imagen-plazas/Paseo Los Angeles 661 [600].JPG","-1.6832803306711","37.6839229226871"
"C/Jerónimo Quijano, n 2","https://www.lorca.es/ficheros/File/parking-disabled/imagen-plazas/plaza1.jpg","-1.68254308834321","37.6847244066605"
"C/Comunidad Valenciana","https://www.lorca.es/ficheros/File/parking-disabled/imagen-plazas/plaza1.jpg","-1.68237269752431","37.682716519684"
"C/Transformador, n  5","https://www.lorca.es/ficheros/File/parking-disabled/imagen-plazas/plaza1.jpg","-1.68213415520802","37.6839167110827"
"C/Transformador altura del AA.VV. B  Apolonia","https://www.lorca.es/ficheros/File/parking-disabled/imagen-plazas/plaza1.jpg","-1.68194892282281","37.6829412109037"
"C/Transformador altura del AA.VV. B  Apolonia","https://www.lorca.es/ficheros/File/parking-disabled/imagen-plazas/plaza1.jpg","-1.68194691116605","37.6829369654732"
"Avda.Fuerzas Armadas, 52, frente C/Fuente del Oro","https://www.lorca.es/ficheros/File/parking-disabled/imagen-plazas/plaza1.jpg","-1.6806410324541","37.6829736351976"
